asset,interval,total_return,num_trades
AAPL,1_year,0.03999033559778886,2.0
AAPL,2_years,0.1264421759119363,6.0
AAPL,6_months,-0.17435104425611625,0.0
AAPL,3_months,-0.15509223123486449,0.0
AAPL,5_years,1.5679181951364494,8.0
AAPL,10_years,5.869807143778866,10.0
AAPL,15_years,24.621778375168272,16.0
AAPL,dotcom_bubble,-0.31781898743853776,6.0
AAPL,9_11,0.11752372604400008,0.0
AAPL,2008_crisis,0.17458370612438,5.0
AAPL,2011_euro_crisis,0.22887379136584785,5.0
AAPL,2016_election,0.581203900861605,1.0
AAPL,covid_crash,0.035304838509670367,0.0
AAPL,covid_bounce,0.5591066242728602,1.0
AAPL,rate_hike_era,0.06988516381625431,3.0
AAPL,russia_ukraine,-0.1473047001977168,2.0
MSFT,1_year,0.12180669683618617,4.0
MSFT,2_years,0.4057322649387072,6.0
MSFT,6_months,0.10404202496315351,0.0
MSFT,3_months,0.1871738337974449,1.0
MSFT,5_years,1.6281236032447102,6.0
MSFT,10_years,10.241261518788498,10.0
MSFT,15_years,22.49323166481549,18.0
MSFT,dotcom_bubble,-0.25177298673048143,9.0
MSFT,9_11,-0.03400055273425573,0.0
MSFT,2008_crisis,-0.16957761348698952,3.0
MSFT,2011_euro_crisis,-0.04754535156579054,3.0
MSFT,2016_election,0.35453089651852276,1.0
MSFT,covid_crash,0.056670884679814515,1.0
MSFT,covid_bounce,0.37886299271943,1.0
MSFT,rate_hike_era,0.14392553531887797,1.0
MSFT,russia_ukraine,-0.1659195783025832,0.0
GOOG,1_year,-0.004307484349761026,4.0
GOOG,2_years,0.3963873101677866,4.0
GOOG,6_months,-0.09223664544302201,0.0
GOOG,3_months,0.02601041091115297,0.0
GOOG,5_years,1.4258450971250505,4.0
GOOG,10_years,5.504567277150851,12.0
GOOG,15_years,13.45526431362779,20.0
GOOG,2008_crisis,-0.20511713111822405,3.0
GOOG,2011_euro_crisis,0.06875156267457094,3.0
GOOG,2016_election,0.3142545466710016,1.0
GOOG,covid_crash,-0.03837310330344468,0.0
GOOG,covid_bounce,0.6842619440899611,1.0
GOOG,rate_hike_era,-0.02856787657304405,3.0
GOOG,russia_ukraine,-0.26420725555186564,0.0
AMZN,1_year,0.14954580417516228,4.0
AMZN,2_years,0.6698704904494608,2.0
AMZN,6_months,-0.06906732644426694,2.0
AMZN,3_months,-4.882336072742355e-05,0.0
AMZN,5_years,0.6593012761105701,6.0
AMZN,10_years,8.514991135600134,12.0
AMZN,15_years,32.27004033460317,16.0
AMZN,dotcom_bubble,-0.6745906627028753,7.0
AMZN,9_11,-0.09440002441406248,0.0
AMZN,2008_crisis,0.2018388473980659,5.0
AMZN,2011_euro_crisis,-0.06036268405416467,2.0
AMZN,2016_election,0.3824919054864535,3.0
AMZN,covid_crash,0.2186258943373387,1.0
AMZN,covid_bounce,0.3043374520075326,3.0
AMZN,rate_hike_era,-0.10835684100895548,3.0
AMZN,russia_ukraine,-0.36148046695113956,2.0
TSLA,1_year,0.965284500821018,2.0
TSLA,2_years,0.6695257532868861,4.0
TSLA,6_months,-0.08653239672497659,0.0
TSLA,3_months,0.21714385696095095,1.0
TSLA,5_years,4.7865492737219455,8.0
TSLA,10_years,19.833434091352483,20.0
TSLA,15_years,216.5344846233894,28.0
TSLA,2011_euro_crisis,0.07287734401039936,3.0
TSLA,2016_election,0.553151751236419,5.0
TSLA,covid_crash,0.07051284496600818,0.0
TSLA,covid_bounce,2.4807927273121133,1.0
TSLA,rate_hike_era,-0.37868610250124446,3.0
TSLA,russia_ukraine,-0.3727785127667036,4.0
NVDA,1_year,0.17542964948820905,4.0
NVDA,2_years,2.399994067946205,2.0
NVDA,6_months,-0.022901919832687856,0.0
NVDA,3_months,0.18483636802257797,1.0
NVDA,5_years,14.40131966054194,4.0
NVDA,10_years,248.47362165678948,6.0
NVDA,15_years,467.55607207455233,12.0
NVDA,dotcom_bubble,1.3425730534917384,8.0
NVDA,9_11,0.2730638224362447,1.0
NVDA,2008_crisis,-0.6064377359133597,3.0
NVDA,2011_euro_crisis,-0.12389402712189324,2.0
NVDA,2016_election,2.101218328131826,1.0
NVDA,covid_crash,0.47810229654495995,3.0
NVDA,covid_bounce,0.847231732110338,1.0
NVDA,rate_hike_era,0.6463698745542814,1.0
NVDA,russia_ukraine,-0.3124919729359976,2.0
META,1_year,0.36097536362302285,4.0
META,2_years,1.3863455627975454,2.0
META,6_months,0.08148001990271259,2.0
META,3_months,-0.01066166537014368,0.0
META,5_years,1.8051469452375764,4.0
META,10_years,7.102399002059171,12.0
META,15_years,16.016523589045704,14.0
META,2016_election,0.27513056076010356,3.0
META,covid_crash,0.10235555705164345,0.0
META,covid_bounce,0.4174894297454339,1.0
META,rate_hike_era,0.0455484724028965,1.0
META,russia_ukraine,-0.6297806070819819,0.0
INTC,1_year,-0.35047816372758966,0.0
INTC,2_years,-0.359187774225292,2.0
INTC,6_months,-0.03313551429506889,4.0
INTC,3_months,-0.14028146728959967,2.0
INTC,5_years,-0.6454780056094958,4.0
INTC,10_years,-0.2592688681801921,18.0
INTC,15_years,0.40436659755241555,24.0
INTC,dotcom_bubble,-0.4733960892094118,6.0
INTC,9_11,0.0635853279675691,0.0
INTC,2008_crisis,-0.2799152512496167,5.0
INTC,2011_euro_crisis,0.2042717468584303,5.0
INTC,2016_election,0.17484398047402605,1.0
INTC,covid_crash,-0.01277342188408892,0.0
INTC,covid_bounce,-0.05210522831494491,1.0
INTC,rate_hike_era,0.004770373318003562,1.0
INTC,russia_ukraine,-0.3613179343259503,0.0
ADBE,1_year,-0.054507751980823915,2.0
ADBE,2_years,-0.027322797099260443,4.0
ADBE,6_months,-0.05875284277122306,2.0
ADBE,3_months,-0.05815484845666796,0.0
ADBE,5_years,0.06520736024353901,8.0
ADBE,10_years,4.197070014570071,12.0
ADBE,15_years,11.91907819915426,14.0
ADBE,dotcom_bubble,1.0060829602392962,4.0
ADBE,9_11,-0.16871052576673295,0.0
ADBE,2008_crisis,-0.29531874141966197,5.0
ADBE,2011_euro_crisis,-0.09651647073826153,2.0
ADBE,2016_election,0.4180327800090342,1.0
ADBE,rate_hike_era,0.05710789153852458,1.0
ADBE,russia_ukraine,-0.35644985774633386,0.0
JPM,1_year,0.33843380126488753,1.0
JPM,2_years,1.0154250335200858,3.0
JPM,6_months,0.11249159826992372,2.0
JPM,3_months,0.019208547013201516,1.0
JPM,5_years,2.0769920284550984,5.0
JPM,10_years,4.257293008357265,11.0
JPM,15_years,9.170101124084116,19.0
JPM,dotcom_bubble,-0.43544517953853135,18.0
JPM,9_11,-0.12436463871006698,0.0
JPM,2008_crisis,-0.2590677337605718,3.0
JPM,2011_euro_crisis,-0.22049624948612712,2.0
JPM,2016_election,0.2838266907790894,1.0
JPM,covid_crash,-0.2627939853283403,0.0
JPM,covid_bounce,0.7198543792030743,3.0
JPM,rate_hike_era,0.11749736370814401,1.0
JPM,russia_ukraine,-0.0625731376857489,0.0
BAC,1_year,0.13390246143665108,4.0
BAC,2_years,0.6661105307011899,4.0
BAC,6_months,0.0026754246202360665,2.0
BAC,3_months,-0.025274575418474998,0.0
BAC,5_years,1.030452796593973,10.0
BAC,10_years,2.2947426863660274,20.0
BAC,15_years,2.622198680994865,26.0
BAC,dotcom_bubble,0.33864711955580584,9.0
BAC,9_11,-0.01682086495418289,0.0
BAC,2008_crisis,-0.7015329489141876,2.0
BAC,2011_euro_crisis,-0.6063003937393512,2.0
BAC,2016_election,0.5303604972052651,1.0
BAC,covid_crash,-0.2637580791059583,0.0
BAC,covid_bounce,0.7661803033079699,5.0
BAC,rate_hike_era,-0.23068960815799888,3.0
BAC,russia_ukraine,-0.17967229223650005,0.0
WFC,1_year,0.29048577259094044,1.0
WFC,2_years,0.9685988293325436,5.0
WFC,6_months,0.07652757953061218,2.0
WFC,3_months,-0.023883453550789358,0.0
WFC,5_years,2.0898418899627527,9.0
WFC,10_years,0.7736868849183944,21.0
WFC,15_years,2.9574932110043957,23.0
WFC,dotcom_bubble,0.2851130551612966,6.0
WFC,9_11,-0.07024216903583702,0.0
WFC,2008_crisis,-0.26005478848774866,5.0
WFC,2011_euro_crisis,-0.11226209429835421,2.0
WFC,2016_election,0.033341187638579406,3.0
WFC,covid_crash,-0.4207131651658028,0.0
WFC,covid_bounce,0.7489824454000764,1.0
WFC,rate_hike_era,0.02409596700099148,7.0
WFC,russia_ukraine,-0.11733887640196261,0.0
GS,1_year,0.34741070801232055,2.0
GS,2_years,0.9957258671961677,4.0
GS,6_months,0.05472518242888946,2.0
GS,3_months,-0.003002109168416922,0.0
GS,5_years,2.38611557322119,14.0
GS,10_years,2.5333360330204657,18.0
GS,15_years,4.524063542795986,26.0
GS,dotcom_bubble,-0.009835260739468943,6.0
GS,9_11,0.044321542049545526,1.0
GS,2008_crisis,-0.31374322988475967,3.0
GS,2011_euro_crisis,-0.4713492496278405,0.0
GS,2016_election,0.3378614302406955,1.0
GS,covid_crash,-0.1677035982498778,0.0
GS,covid_bounce,0.8959957092613233,5.0
GS,rate_hike_era,0.0333058351737312,7.0
GS,russia_ukraine,0.08866043939798796,3.0
MS,1_year,0.3563390854988011,2.0
MS,2_years,0.6760614571088959,4.0
MS,6_months,0.041160500601387096,2.0
MS,3_months,-0.0005634102112324069,1.0
MS,5_years,2.3641997255698475,8.0
MS,10_years,3.38525802198411,18.0
MS,15_years,5.813941963235248,26.0
MS,dotcom_bubble,0.17286005505536362,8.0
MS,9_11,-0.10620815252570825,0.0
MS,2008_crisis,-0.5772954669982557,1.0
MS,2011_euro_crisis,-0.4593086741018545,2.0
MS,2016_election,0.5520040152571142,1.0
MS,covid_crash,-0.15230254615550265,0.0
MS,covid_bounce,1.0834637255658657,1.0
MS,rate_hike_era,0.0008106923203909933,4.0
MS,russia_ukraine,-0.0795740208785819,2.0
AXP,1_year,0.255385273294354,2.0
AXP,2_years,0.8530036710474642,4.0
AXP,6_months,-0.009081323529548269,2.0
AXP,3_months,-0.001569558481298139,1.0
AXP,5_years,2.2447504545813635,8.0
AXP,10_years,3.2824535038621514,10.0
AXP,15_years,8.302217429187468,24.0
AXP,dotcom_bubble,0.0869592698764694,6.0
AXP,9_11,-0.20460294825455283,0.0
AXP,2008_crisis,-0.6041717781865175,1.0
AXP,2011_euro_crisis,0.1042279216169002,7.0
AXP,2016_election,0.18902023884442465,1.0
AXP,covid_crash,-0.27024341940356356,0.0
AXP,covid_bounce,0.6804348182037161,3.0
AXP,rate_hike_era,0.1448576315250929,5.0
AXP,russia_ukraine,-0.13242736152453471,2.0
C,1_year,0.2575593928410518,3.0
C,2_years,0.8121245311414584,3.0
C,6_months,0.0930516461137949,2.0
C,3_months,-0.01616818395261832,0.0
C,5_years,0.839036096908172,9.0
C,10_years,0.8320642603163004,15.0
C,15_years,1.603846738664712,25.0
C,dotcom_bubble,0.5831535606359142,11.0
C,9_11,-0.04776207647871544,0.0
C,2008_crisis,-0.9376426573867286,0.0
C,2011_euro_crisis,-0.4626082561371653,0.0
C,2016_election,0.3058830352222297,1.0
C,covid_crash,-0.3555369675966483,0.0
C,covid_bounce,0.653047954771554,3.0
C,rate_hike_era,-0.11284759810707101,7.0
C,russia_ukraine,-0.2434486719535207,0.0
XOM,1_year,-0.07499227013961485,2.0
XOM,2_years,0.060323377822581126,6.0
XOM,6_months,-0.029301294531251854,2.0
XOM,3_months,-0.04192464691482278,2.0
XOM,5_years,1.774141805438417,6.0
XOM,10_years,0.8622470864426242,18.0
XOM,15_years,2.0547864734449193,30.0
XOM,dotcom_bubble,0.046552312625192105,10.0
XOM,9_11,-0.09062134464205895,0.0
XOM,2008_crisis,-0.1434852543643247,6.0
XOM,2011_euro_crisis,0.16391394688626604,3.0
XOM,2016_election,-0.06505126287422369,4.0
XOM,covid_crash,-0.22580147924013994,0.0
XOM,covid_bounce,0.3590289704221439,1.0
XOM,rate_hike_era,0.6917713301303607,4.0
XOM,russia_ukraine,0.43210266379345175,1.0
CVX,1_year,-0.09241349113862318,2.0
CVX,2_years,-0.021598553776705387,6.0
CVX,6_months,-0.04641985847610608,2.0
CVX,3_months,-0.09618487249817698,0.0
CVX,5_years,0.8343686003925801,8.0
CVX,10_years,1.0482158073077836,18.0
CVX,15_years,2.443723529470555,24.0
CVX,dotcom_bubble,-0.08080401598126297,10.0
CVX,9_11,-0.05360190161189582,0.0
CVX,2008_crisis,-0.17173320280819027,6.0
CVX,2011_euro_crisis,0.19377345418555758,3.0
CVX,2016_election,0.06509272512393993,4.0
CVX,covid_crash,-0.1142855884491123,0.0
CVX,covid_bounce,0.18193691280884483,1.0
CVX,rate_hike_era,0.3466775589917197,6.0
CVX,russia_ukraine,0.40895565812264745,3.0
BP,1_year,-0.15075304465832862,2.0
BP,2_years,-0.06572058367674016,6.0
BP,6_months,0.0018983609858054251,2.0
BP,3_months,-0.07037361195349634,0.0
BP,5_years,0.575503557558132,10.0
BP,10_years,0.2824711658399315,16.0
BP,15_years,0.7792604318614058,28.0
BP,dotcom_bubble,0.001020860732236617,8.0
BP,9_11,-0.09956115781194219,2.0
BP,2008_crisis,-0.27315271161986854,5.0
BP,2011_euro_crisis,-0.016757627499001893,3.0
BP,2016_election,0.2377536476941957,3.0
BP,covid_crash,-0.3138832053596391,0.0
BP,covid_bounce,0.16603770896097414,1.0
BP,rate_hike_era,0.4130160921341546,8.0
BP,russia_ukraine,0.18066779410433664,3.0
SLB,1_year,-0.23019681906161726,2.0
SLB,2_years,-0.23046696840814707,2.0
SLB,6_months,-0.13333074419423385,2.0
SLB,3_months,-0.17001502025435122,0.0
SLB,5_years,0.9867842484447518,8.0
SLB,10_years,-0.5208087364544263,12.0
SLB,15_years,-0.09268711604869606,20.0
SLB,dotcom_bubble,0.036726879084482356,6.0
SLB,9_11,-0.08286307618008881,0.0
SLB,2008_crisis,-0.36146916017324626,5.0
SLB,2011_euro_crisis,-0.17305438527757855,2.0
SLB,2016_election,-0.05894499605136094,4.0
SLB,covid_crash,-0.4398440577908803,0.0
SLB,covid_bounce,0.7414359149635235,3.0
SLB,rate_hike_era,0.6971612522044464,5.0
SLB,russia_ukraine,0.31929582631541154,3.0
COP,1_year,-0.2270716830360986,2.0
COP,2_years,-0.08529289814285834,4.0
COP,6_months,-0.1329448699331467,0.0
COP,3_months,-0.07075049868167271,2.0
COP,5_years,1.3666810842395618,6.0
COP,10_years,0.8407458751033539,16.0
COP,15_years,2.737663795370918,22.0
COP,dotcom_bubble,0.2586947488825089,10.0
COP,9_11,-0.017240248987672846,0.0
COP,2008_crisis,-0.4433274672762453,6.0
COP,2011_euro_crisis,0.10760217639314851,3.0
COP,2016_election,0.0375339216237931,1.0
COP,covid_crash,-0.2750366224515153,0.0
COP,covid_bounce,0.33607161440111377,1.0
COP,rate_hike_era,0.713227250803234,5.0
COP,russia_ukraine,0.40823267077350756,3.0
JNJ,1_year,0.0847913152220583,3.0
JNJ,2_years,0.06952436238929871,7.0
JNJ,6_months,0.09563718123488796,1.0
JNJ,3_months,-0.06420006776650311,0.0
JNJ,5_years,0.21532085407835933,15.0
JNJ,10_years,1.0492527324463041,23.0
JNJ,15_years,3.100570750853022,27.0
JNJ,dotcom_bubble,0.3706459650598275,7.0
JNJ,9_11,0.0895454022414024,1.0
JNJ,2008_crisis,-0.026462245392781858,6.0
JNJ,2011_euro_crisis,0.081926360570578,1.0
JNJ,2016_election,0.16798812604235547,3.0
JNJ,covid_crash,0.0037705554190832213,0.0
JNJ,covid_bounce,0.1801567671478741,3.0
JNJ,rate_hike_era,-0.033814801887728674,6.0
JNJ,russia_ukraine,0.06903503853281956,2.0
PFE,1_year,-0.14498143199611768,2.0
PFE,2_years,-0.30402329159271113,2.0
PFE,6_months,-0.08553659004559722,0.0
PFE,3_months,-0.08807150636316052,0.0
PFE,5_years,-0.12185138494140935,10.0
PFE,10_years,0.08213555158003505,20.0
PFE,15_years,2.002925075458535,26.0
PFE,dotcom_bubble,-0.21949292217816285,10.0
PFE,9_11,0.058308118249758234,1.0
PFE,2008_crisis,-0.3423968917085003,2.0
PFE,2011_euro_crisis,0.2754582760348112,3.0
PFE,2016_election,-0.02406878870683582,3.0
PFE,covid_crash,0.02827540917893523,1.0
PFE,covid_bounce,0.19887576131468943,5.0
PFE,rate_hike_era,-0.45147941285265614,6.0
PFE,russia_ukraine,-0.032080724878533085,4.0
MRK,1_year,-0.3839167808107037,0.0
MRK,2_years,-0.26726796103306816,2.0
MRK,6_months,-0.2184750810132855,0.0
MRK,3_months,-0.16796752416208982,0.0
MRK,5_years,0.18006051227032027,8.0
MRK,10_years,0.7992033637996039,10.0
MRK,15_years,2.9584993462365805,22.0
MRK,dotcom_bubble,-0.17986691184745907,7.0
MRK,9_11,0.0016917251703330027,4.0
MRK,2008_crisis,-0.38366931984991814,2.0
MRK,2011_euro_crisis,0.09560097336480577,3.0
MRK,2016_election,0.19139149006078537,1.0
MRK,covid_crash,-0.06816122149750392,0.0
MRK,covid_bounce,-0.015329836448609191,4.0
MRK,rate_hike_era,0.5047878049011656,4.0
MRK,russia_ukraine,0.37831761787267704,1.0
UNH,1_year,-0.383366451240721,2.0
UNH,2_years,-0.36901275296249003,4.0
UNH,6_months,-0.39902033599667186,2.0
UNH,3_months,-0.3508184017591093,2.0
UNH,5_years,0.06205401340231598,6.0
UNH,10_years,1.935330709243753,10.0
UNH,15_years,12.076771805858934,16.0
UNH,dotcom_bubble,2.6959552497080654,4.0
UNH,9_11,0.09923050195505057,3.0
UNH,2008_crisis,-0.5205214019613467,5.0
UNH,2011_euro_crisis,0.3828294317993761,3.0
UNH,2016_election,0.32428381323417566,3.0
UNH,covid_crash,0.11732907753296362,0.0
UNH,covid_bounce,0.36754919130078867,1.0
UNH,rate_hike_era,0.07756628673222044,3.0
UNH,russia_ukraine,0.1807393596735185,3.0
LLY,1_year,-0.10651465913632407,2.0
LLY,2_years,0.7142805877694733,2.0
LLY,6_months,-0.04834269217462073,2.0
LLY,3_months,-0.20494122471700416,0.0
LLY,5_years,4.131278484288253,6.0
LLY,10_years,10.182500466092305,16.0
LLY,15_years,32.48402340019722,18.0
LLY,dotcom_bubble,-0.21140038127522975,9.0
LLY,9_11,0.05531588686980227,5.0
LLY,2008_crisis,-0.3351172249850082,2.0
LLY,2011_euro_crisis,0.2532197759474264,1.0
LLY,2016_election,0.08977515906684896,3.0
LLY,covid_crash,0.09550694038881291,1.0
LLY,covid_bounce,0.3347504936356218,3.0
LLY,rate_hike_era,1.1959856815005012,3.0
LLY,russia_ukraine,0.5150303001025893,1.0
ABBV,1_year,0.20401328383385642,3.0
ABBV,2_years,0.5040459545910725,3.0
ABBV,6_months,0.05662733225206584,2.0
ABBV,3_months,-0.1118312039423145,0.0
ABBV,5_years,1.5183418457336884,13.0
ABBV,10_years,3.2177881942853483,19.0
ABBV,15_years,7.765990537874286,21.0
ABBV,2016_election,0.0913138755603633,5.0
ABBV,covid_crash,0.14279539904868344,2.0
ABBV,covid_bounce,0.3112351995708651,3.0
ABBV,rate_hike_era,0.2369821526665148,6.0
ABBV,russia_ukraine,0.2097793291574679,3.0
HD,1_year,0.14277579908414761,2.0
HD,2_years,0.33394297438918086,4.0
HD,6_months,-0.04590639827675014,2.0
HD,3_months,-0.048917847543973214,0.0
HD,5_years,0.6794291426995522,8.0
HD,10_years,3.1702920216459916,14.0
HD,15_years,14.567547782008951,16.0
HD,dotcom_bubble,-0.3857455682571238,8.0
HD,9_11,-0.05999623343948279,0.0
HD,2008_crisis,-0.3546014137771759,1.0
HD,2011_euro_crisis,0.22621832306206113,3.0
HD,2016_election,0.1906425833724139,3.0
HD,covid_crash,0.08034221258751062,0.0
HD,covid_bounce,0.31948959251459486,1.0
HD,rate_hike_era,-0.10641473755583819,5.0
HD,russia_ukraine,-0.0991560364474997,0.0
WMT,1_year,0.5152500735701655,1.0
WMT,2_years,1.0585669084104845,3.0
WMT,6_months,0.10256046477960301,2.0
WMT,3_months,0.016809531839882652,1.0
WMT,5_years,1.5658157359472495,7.0
WMT,10_years,3.8064551986720376,15.0
WMT,15_years,6.985182942981638,27.0
WMT,dotcom_bubble,0.2812557192214986,12.0
WMT,9_11,0.0040947077340138804,1.0
WMT,2008_crisis,0.04092137764905135,2.0
WMT,2011_euro_crisis,0.1253031203916215,3.0
WMT,2016_election,0.14649407613797938,3.0
WMT,covid_crash,0.09527513192148329,1.0
WMT,covid_bounce,0.16406345739029482,2.0
WMT,rate_hike_era,0.12388903522771022,3.0
WMT,russia_ukraine,0.0945604369765769,3.0
TGT,1_year,-0.36388633121186664,2.0
TGT,2_years,-0.23285698178784753,6.0
TGT,6_months,-0.30100138482752725,0.0
TGT,3_months,-0.21261405664682187,0.0
TGT,5_years,-0.10886894628514554,8.0
TGT,10_years,0.5776389738088898,18.0
TGT,15_years,1.6294481149856561,22.0
TGT,dotcom_bubble,0.1384140514769452,12.0
TGT,9_11,-0.0013282619035959176,0.0
TGT,2008_crisis,-0.36436418160474493,3.0
TGT,2011_euro_crisis,-0.1389568418907241,1.0
TGT,2016_election,-0.1639694587313586,4.0
TGT,covid_crash,0.0992638731113149,0.0
TGT,covid_bounce,0.9294267970295047,1.0
TGT,rate_hike_era,-0.3527112641329203,4.0
TGT,russia_ukraine,-0.22179837612605047,2.0
COST,1_year,0.2822796865822954,1.0
COST,2_years,1.1003201999569026,1.0
COST,6_months,0.14604821626710596,2.0
COST,3_months,-0.005076806533284128,1.0
COST,5_years,2.664025980098909,7.0
COST,10_years,7.703662090373031,15.0
COST,15_years,24.045671568666624,23.0
COST,dotcom_bubble,-0.21622395385171733,10.0
COST,9_11,-0.03242626728995601,1.0
COST,2008_crisis,-0.2232120161713893,4.0
COST,2011_euro_crisis,0.16324035458182773,1.0
COST,2016_election,0.24484888611914957,3.0
COST,covid_crash,0.025915573868153352,2.0
COST,covid_bounce,0.2694769354011495,3.0
COST,rate_hike_era,0.20829601335307113,5.0
COST,russia_ukraine,0.06775593263244817,4.0
MCD,1_year,0.22967795837325533,1.0
MCD,2_years,0.1419506801796211,5.0
MCD,6_months,0.07914977302608328,1.0
MCD,3_months,0.031417354943037656,3.0
MCD,5_years,0.8668487346442895,11.0
MCD,10_years,3.1580087887021557,17.0
MCD,15_years,6.075238823102993,23.0
MCD,dotcom_bubble,-0.5766436216839805,10.0
MCD,9_11,-0.078707087776824,2.0
MCD,2008_crisis,0.2020066497200519,4.0
MCD,2011_euro_crisis,0.34941987792496043,1.0
MCD,2016_election,0.2749674772125221,3.0
MCD,covid_crash,-0.12289246954212318,0.0
MCD,covid_bounce,0.2775620385241826,3.0
MCD,rate_hike_era,0.1542707144687021,2.0
MCD,russia_ukraine,0.07687415402935693,5.0
SBUX,1_year,0.04827597639003223,2.0
SBUX,2_years,-0.09594127653309248,6.0
SBUX,6_months,-0.07779280963792734,2.0
SBUX,3_months,-0.2674726036867847,0.0
SBUX,5_years,0.19526997191464357,6.0
SBUX,10_years,0.963540073655768,14.0
SBUX,15_years,7.592649077828096,20.0
SBUX,dotcom_bubble,0.5309511519082513,6.0
SBUX,9_11,-0.03747985434995171,0.0
SBUX,2008_crisis,-0.46679471057834043,3.0
SBUX,2011_euro_crisis,0.4046904602644923,1.0
SBUX,2016_election,0.17988868407851344,3.0
SBUX,covid_crash,-0.08387105220474311,0.0
SBUX,covid_bounce,0.48096067018145505,1.0
SBUX,rate_hike_era,-0.1399208728961161,2.0
SBUX,russia_ukraine,0.0594258406600956,1.0
CAT,1_year,0.06736895227240125,2.0
CAT,2_years,0.7230354531342313,4.0
CAT,6_months,-0.024410676911216123,2.0
CAT,3_months,0.0532036405110754,0.0
CAT,5_years,2.1986812317012063,8.0
CAT,10_years,4.271002901669546,16.0
CAT,15_years,7.580896181606475,24.0
CAT,dotcom_bubble,0.07941507144257098,6.0
CAT,9_11,-0.11443170271409953,0.0
CAT,2008_crisis,-0.5645357644393354,2.0
CAT,2011_euro_crisis,-0.019656528581066923,2.0
CAT,2016_election,0.5106643702983664,1.0
CAT,covid_crash,-0.06578646143672351,0.0
CAT,covid_bounce,1.047964594249033,1.0
CAT,rate_hike_era,0.49186161398805206,7.0
CAT,russia_ukraine,0.17262616605051595,3.0
BA,1_year,0.12325946306128155,1.0
BA,2_years,-0.0030775118724102324,5.0
BA,6_months,0.206260622645972,3.0
BA,3_months,0.21909920204948352,1.0
BA,5_years,0.36944321395112323,9.0
BA,10_years,0.6572191312242042,15.0
BA,15_years,3.1735701287802556,25.0
BA,dotcom_bubble,0.057399939638339115,8.0
BA,9_11,-0.4002361801964073,0.0
BA,2008_crisis,-0.5382970084571955,3.0
BA,2011_euro_crisis,0.13170057859347972,2.0
BA,2016_election,0.5327073034272289,1.0
BA,covid_crash,-0.5357032558098868,0.0
BA,covid_bounce,0.6316798022878607,3.0
BA,rate_hike_era,0.25401714084825366,3.0
BA,russia_ukraine,-0.14140343656001253,0.0
GE,1_year,0.533213781878046,1.0
GE,2_years,1.9749143386909975,1.0
GE,6_months,0.46134143374663905,1.0
GE,3_months,0.21988278178135734,1.0
GE,5_years,6.468149827937406,5.0
GE,10_years,1.1737821384264926,13.0
GE,15_years,3.3911463828747435,21.0
GE,dotcom_bubble,-0.22036985845450918,6.0
GE,9_11,-0.09639521294865117,0.0
GE,2008_crisis,-0.6597957756136554,2.0
GE,2011_euro_crisis,0.013935747715914326,4.0
GE,2016_election,-0.06225833332543773,4.0
GE,covid_crash,-0.46357882169785736,0.0
GE,covid_bounce,1.0899030228060633,3.0
GE,rate_hike_era,0.7112794481490892,1.0
GE,russia_ukraine,-0.11937862698075896,0.0
MMM,1_year,0.5178487541475467,1.0
MMM,2_years,1.0271440548569122,5.0
MMM,6_months,0.15506508676651443,2.0
MMM,3_months,-0.028310647043249815,0.0
MMM,5_years,0.38323661825968913,7.0
MMM,10_years,0.5591614788920378,13.0
MMM,15_years,2.5922448135428584,17.0
MMM,dotcom_bubble,0.805010609426118,7.0
MMM,9_11,0.043395143779960677,1.0
MMM,2008_crisis,-0.2757625306404893,3.0
MMM,2011_euro_crisis,-0.03385066170295781,2.0
MMM,2016_election,0.24285008054429658,3.0
MMM,covid_crash,0.018087632890903205,0.0
MMM,covid_bounce,0.3491244924780941,3.0
MMM,rate_hike_era,-0.3201056500631021,0.0
MMM,russia_ukraine,-0.21572459790162346,0.0
LMT,1_year,0.051572170828679376,2.0
LMT,2_years,0.12431336000766047,6.0
LMT,6_months,0.007652992124275837,1.0
LMT,3_months,0.06735405422678764,2.0
LMT,5_years,0.41057870184837686,10.0
LMT,10_years,2.2745144910123685,16.0
LMT,15_years,8.63796617869782,18.0
LMT,dotcom_bubble,0.5016783528901876,4.0
LMT,9_11,0.1734373313325941,1.0
LMT,2008_crisis,-0.11164878862639704,7.0
LMT,2011_euro_crisis,0.20773417683745632,3.0
LMT,2016_election,0.21307370197941533,3.0
LMT,covid_crash,-0.07222228390208252,0.0
LMT,covid_bounce,0.009944455606357261,3.0
LMT,rate_hike_era,0.348213868108487,4.0
LMT,russia_ukraine,0.2866089095826252,3.0
NOC,1_year,0.09258822326072558,4.0
NOC,2_years,0.1385479144390649,8.0
NOC,6_months,0.04045303779992082,1.0
NOC,3_months,0.02399606860102077,1.0
NOC,5_years,0.5856722441317059,10.0
NOC,10_years,2.5482690761628035,14.0
NOC,15_years,11.167562842030536,16.0
NOC,dotcom_bubble,0.4615537489332022,6.0
NOC,9_11,0.18512604176386138,1.0
NOC,2008_crisis,-0.3853398729962447,3.0
NOC,2011_euro_crisis,0.027382420309170152,4.0
NOC,2016_election,0.22950353469812557,3.0
NOC,covid_crash,-0.07119774440167004,0.0
NOC,covid_bounce,0.12641088683627655,3.0
NOC,rate_hike_era,0.25223393095276325,3.0
NOC,russia_ukraine,0.4600986411802219,1.0
DUK,1_year,0.1813320426044649,1.0
DUK,2_years,0.4486648541373308,3.0
DUK,6_months,0.11194749693561801,1.0
DUK,3_months,0.001017119500447361,1.0
DUK,5_years,0.6446781062309821,5.0
DUK,10_years,1.3505612096211892,13.0
DUK,15_years,3.789684441607915,17.0
DUK,dotcom_bubble,-0.30894035849146706,4.0
DUK,9_11,-0.06204393571736011,2.0
DUK,2008_crisis,-0.12307005466062837,2.0
DUK,2011_euro_crisis,0.2982283040546556,1.0
DUK,2016_election,0.13172280084195997,3.0
DUK,covid_crash,-0.10439348979758944,0.0
DUK,covid_bounce,0.1946140632969342,1.0
DUK,rate_hike_era,0.017345254744492333,5.0
DUK,russia_ukraine,0.0038264084695494027,4.0
NEE,1_year,-0.07137108483045962,2.0
NEE,2_years,0.01979644282928139,4.0
NEE,6_months,-0.005417538339622885,2.0
NEE,3_months,-0.01368337809980813,0.0
NEE,5_years,0.24003723915830744,10.0
NEE,10_years,2.500277395007919,16.0
NEE,15_years,7.906655227001215,22.0
NEE,dotcom_bubble,0.16090031928033088,9.0
NEE,9_11,0.04691615569116747,2.0
NEE,2008_crisis,0.05333019266401284,5.0
NEE,2011_euro_crisis,0.21304138991900112,3.0
NEE,2016_election,0.21223030321470815,3.0
NEE,covid_crash,-0.03716243560371835,0.0
NEE,covid_bounce,0.1628764934327538,1.0
NEE,rate_hike_era,-0.3040883157839974,6.0
NEE,russia_ukraine,0.12011801302492575,4.0
SO,1_year,0.15747789980275795,3.0
SO,2_years,0.3998757536219244,5.0
SO,6_months,0.11523218877628194,1.0
SO,3_months,-0.0010228175192940059,2.0
SO,5_years,0.8954009716185858,7.0
SO,10_years,2.160479432401419,17.0
SO,15_years,4.38222398489425,23.0
SO,dotcom_bubble,0.9520252728962677,3.0
SO,9_11,-0.00866034591318987,1.0
SO,2008_crisis,-0.009767019006084343,8.0
SO,2011_euro_crisis,0.2631199130764681,3.0
SO,2016_election,0.06864151207478342,3.0
SO,covid_crash,-0.17589143501466442,0.0
SO,covid_bounce,0.15580042090460755,1.0
SO,rate_hike_era,0.11302590261263257,5.0
SO,russia_ukraine,0.03416745729107862,2.0
AEP,1_year,0.19206320624364115,3.0
AEP,2_years,0.36653119868761164,3.0
AEP,6_months,0.1462893172219295,1.0
AEP,3_months,-0.030518706588387734,1.0
AEP,5_years,0.4432927352839562,11.0
AEP,10_years,1.6394547538003605,15.0
AEP,15_years,4.897511664632481,25.0
AEP,dotcom_bubble,-0.2581258203342891,4.0
AEP,9_11,-0.05910643787729597,2.0
AEP,2008_crisis,-0.312577618406885,2.0
AEP,2011_euro_crisis,0.19818007684708627,1.0
AEP,2016_election,0.14626295188552785,3.0
AEP,covid_crash,-0.1690002150470964,0.0
AEP,covid_bounce,0.03292272452274325,5.0
AEP,rate_hike_era,-0.013360467208715532,4.0
AEP,russia_ukraine,0.13320688630278776,2.0
VZ,1_year,0.1450149964736973,5.0
VZ,2_years,0.4112013791844229,5.0
VZ,6_months,0.13050376056317137,1.0
VZ,3_months,0.01814628171212651,3.0
VZ,5_years,0.051407027913559444,13.0
VZ,10_years,0.4922764880905748,21.0
VZ,15_years,2.672060407518294,29.0
VZ,dotcom_bubble,-0.1516661997946137,7.0
VZ,9_11,-0.1508497856914257,0.0
VZ,2008_crisis,-0.1814458964018998,3.0
VZ,2011_euro_crisis,0.1608322926092911,5.0
VZ,2016_election,-0.03366745253167214,4.0
VZ,covid_crash,-0.0009112914002235017,0.0
VZ,covid_bounce,0.05733973978525797,5.0
VZ,rate_hike_era,-0.18603577954948713,5.0
VZ,russia_ukraine,-0.23638508519253476,0.0
T,1_year,0.6240699475647318,1.0
T,2_years,0.9822732197585033,1.0
T,6_months,0.2462405749846157,1.0
T,3_months,0.013530563477478053,1.0
T,5_years,0.7101583613593918,7.0
T,10_years,1.2181982214791298,17.0
T,15_years,3.4997376605121726,29.0
T,dotcom_bubble,-0.4100011777879735,10.0
T,9_11,-0.16163838398406538,4.0
T,2008_crisis,-0.32644232430435394,4.0
T,2011_euro_crisis,0.10009729565409708,3.0
T,2016_election,0.0583678382566557,3.0
T,covid_crash,-0.1454848716920879,0.0
T,covid_bounce,0.04408836892993362,1.0
T,rate_hike_era,0.0018063955138618581,5.0
T,russia_ukraine,0.09359951815695045,2.0
TMUS,1_year,0.4189033369236148,1.0
TMUS,2_years,0.7895406116932191,1.0
TMUS,6_months,0.11103917820941245,1.0
TMUS,3_months,-0.10899111361045766,0.0
TMUS,5_years,1.4933311310463635,5.0
TMUS,10_years,5.392005170684953,11.0
TMUS,15_years,16.423071645831115,15.0
TMUS,2008_crisis,-0.597032955375479,3.0
TMUS,2011_euro_crisis,-0.33588363048812286,4.0
TMUS,2016_election,0.581886383673258,1.0
TMUS,covid_crash,0.2589983073603417,3.0
TMUS,covid_bounce,0.41875603783158,1.0
TMUS,rate_hike_era,0.40723500253433187,3.0
TMUS,russia_ukraine,0.38256499212980133,1.0
LIN,1_year,0.0900967600545215,4.0
LIN,2_years,0.34435231106476105,4.0
LIN,6_months,0.1327225427357006,1.0
LIN,3_months,0.014904721711323843,0.0
LIN,5_years,1.4465683454701015,8.0
LIN,10_years,3.59438955003834,12.0
LIN,15_years,7.175170174421465,18.0
LIN,dotcom_bubble,0.7018414164778757,9.0
LIN,9_11,0.16973970927086435,1.0
LIN,2008_crisis,0.014227388147586728,3.0
LIN,2011_euro_crisis,0.14542238218404147,3.0
LIN,2016_election,0.22477586584671583,1.0
LIN,covid_crash,-0.02935200301839569,0.0
LIN,covid_bounce,0.4891035786371063,1.0
LIN,rate_hike_era,0.24855535583799582,3.0
LIN,russia_ukraine,0.05933139155069611,2.0
SHW,1_year,0.19780144213122197,4.0
SHW,2_years,0.5541013288490919,4.0
SHW,6_months,0.0817080399592578,2.0
SHW,3_months,0.008033930681134116,0.0
SHW,5_years,0.9309514268446497,6.0
SHW,10_years,3.1014846118707196,16.0
SHW,15_years,15.542882981563611,18.0
SHW,dotcom_bubble,0.041933253531880155,8.0
SHW,9_11,0.2240621320639875,1.0
SHW,2008_crisis,-0.157909447640745,5.0
SHW,2011_euro_crisis,0.07221821023022912,7.0
SHW,2016_election,0.15171596986855884,3.0
SHW,covid_crash,0.03804897167901511,0.0
SHW,covid_bounce,0.4724705382702148,1.0
SHW,rate_hike_era,-0.062250106262627725,3.0
SHW,russia_ukraine,-0.1416881038360034,2.0
APD,1_year,0.055650359089697066,2.0
APD,2_years,0.07426082872826867,4.0
APD,6_months,-0.009449219471347692,2.0
APD,3_months,-0.09669028988038664,0.0
APD,5_years,0.2947908301387099,10.0
APD,10_years,1.6065391064547216,18.0
APD,15_years,5.5116243885037814,24.0
APD,dotcom_bubble,0.18564978603804705,6.0
APD,9_11,0.12229584335694632,0.0
APD,2008_crisis,-0.16261017695303914,5.0
APD,2011_euro_crisis,-0.0334290213694981,2.0
APD,2016_election,0.10940542247724405,5.0
APD,covid_crash,0.0008974919366124823,0.0
APD,covid_bounce,0.260758333199667,3.0
APD,rate_hike_era,-0.026864724557424058,2.0
APD,russia_ukraine,0.11184146079101809,3.0
FCX,1_year,-0.24994664942792577,2.0
FCX,2_years,0.11633385520319228,6.0
FCX,6_months,0.024263985172731095,2.0
FCX,3_months,0.08786334678553898,2.0
FCX,5_years,3.371848252374713,12.0
FCX,10_years,1.2070374322026844,22.0
FCX,15_years,0.5932369606677907,32.0
FCX,dotcom_bubble,0.5250281103035406,6.0
FCX,9_11,0.21363652277317957,2.0
FCX,2008_crisis,-0.38906735554897387,5.0
FCX,2011_euro_crisis,-0.3657974333695122,0.0
FCX,2016_election,0.08396196175015547,4.0
FCX,covid_crash,-0.2071677329587076,0.0
FCX,covid_bounce,3.5840682823500094,1.0
FCX,rate_hike_era,0.05972171451011565,6.0
FCX,russia_ukraine,0.03440515889893625,2.0
NUE,1_year,-0.33358510164075494,0.0
NUE,2_years,-0.15404063601413132,4.0
NUE,6_months,-0.040396129328925,2.0
NUE,3_months,-0.18061126621694013,0.0
NUE,5_years,1.8259902686413683,10.0
NUE,10_years,1.9292486526098513,14.0
NUE,15_years,2.9796576472050313,22.0
NUE,dotcom_bubble,-0.015000608160388063,12.0
NUE,9_11,0.024705727734821048,0.0
NUE,2008_crisis,-0.20187065265273318,3.0
NUE,2011_euro_crisis,-0.07113963405942947,2.0
NUE,2016_election,0.2246603755681822,3.0
NUE,covid_crash,-0.10770222005087882,0.0
NUE,covid_bounce,1.4927267723753164,3.0
NUE,rate_hike_era,0.5855117809518517,7.0
NUE,russia_ukraine,0.41317665168413886,4.0
PLD,1_year,0.04566309740246011,4.0
PLD,2_years,-0.05837145193783455,10.0
PLD,6_months,0.05090150914992164,2.0
PLD,3_months,-0.11310511094716291,0.0
PLD,5_years,0.3219965612675868,12.0
PLD,10_years,2.617851978558967,20.0
PLD,15_years,5.864411222108051,32.0
PLD,dotcom_bubble,0.5960832173992827,4.0
PLD,9_11,0.029804198992589237,0.0
PLD,2008_crisis,-0.6359574808640668,4.0
PLD,2011_euro_crisis,-0.0815316923435091,2.0
PLD,2016_election,0.20215450568843796,5.0
PLD,covid_crash,0.004272174524876604,0.0
PLD,covid_bounce,0.28796786816029685,3.0
PLD,rate_hike_era,-0.14753610801864026,4.0
PLD,russia_ukraine,-0.21831458755596966,4.0
SPG,1_year,0.13021017598845241,2.0
SPG,2_years,0.7604327706132672,4.0
SPG,6_months,-0.04860065876818287,2.0
SPG,3_months,-0.12079920078920903,0.0
SPG,5_years,2.5125425924851417,10.0
SPG,10_years,0.45070421373011493,14.0
SPG,15_years,2.862503958024934,18.0
SPG,dotcom_bubble,0.6250199238367151,5.0
SPG,9_11,0.046997393379917485,2.0
SPG,2008_crisis,-0.41509998297514106,5.0
SPG,2011_euro_crisis,0.3166437524972552,1.0
SPG,2016_election,-0.1921626842460069,2.0
SPG,covid_crash,-0.558855362664652,0.0
SPG,covid_bounce,1.2265770780483383,3.0
SPG,rate_hike_era,0.005956006454042262,5.0
SPG,russia_ukraine,-0.15220032893680102,0.0
O,1_year,0.1174832137359123,2.0
O,2_years,0.0646060000124542,6.0
O,6_months,0.09692168720809935,1.0
O,3_months,-0.006959609880923812,0.0
O,5_years,0.315197543049323,14.0
O,10_years,1.009871307879604,16.0
O,15_years,2.862786252221947,22.0
O,dotcom_bubble,1.028132518262892,3.0
O,9_11,0.03937003698188679,3.0
O,2008_crisis,-0.03172151696150882,5.0
O,2011_euro_crisis,0.06346846089832181,3.0
O,2016_election,-0.06014451959265099,2.0
O,covid_crash,-0.2812936785325756,0.0
O,covid_bounce,0.26500705897254306,5.0
O,rate_hike_era,-0.11097605662640175,6.0
O,russia_ukraine,-0.05328086984222036,4.0
AMT,1_year,0.12581995788212996,3.0
AMT,2_years,0.22808095621972013,7.0
AMT,6_months,0.19547073701120743,1.0
AMT,3_months,0.03247016089946042,1.0
AMT,5_years,-0.07043375777954552,9.0
AMT,10_years,1.8779951640442265,19.0
AMT,15_years,6.177391255495631,25.0
AMT,dotcom_bubble,-0.888695639897162,2.0
AMT,9_11,-0.47928999126420524,0.0
AMT,2008_crisis,-0.2689542829049558,5.0
AMT,2011_euro_crisis,0.16920967749135585,5.0
AMT,2016_election,0.2694714344920619,5.0
AMT,covid_crash,0.10756811717790349,0.0
AMT,covid_bounce,-0.014187930269271787,1.0
AMT,rate_hike_era,-0.20002014972816284,3.0
AMT,russia_ukraine,-0.09898190352974201,2.0
UPS,1_year,-0.25518195569249613,2.0
UPS,2_years,-0.35878318314655366,2.0
UPS,6_months,-0.1881499445315472,0.0
UPS,3_months,-0.16866686677121,0.0
UPS,5_years,0.1796628989648208,6.0
UPS,10_years,0.3829796348281942,18.0
UPS,15_years,1.5944820421884605,28.0
UPS,dotcom_bubble,-0.031273539584125376,3.0
UPS,9_11,-0.005957168744107677,0.0
UPS,2008_crisis,-0.276764345683726,3.0
UPS,2011_euro_crisis,0.033125038538801554,3.0
UPS,2016_election,0.06089400028792746,2.0
UPS,covid_crash,-0.002704118179667536,0.0
UPS,covid_bounce,1.2130068711447448,1.0
UPS,rate_hike_era,-0.2089329424061669,6.0
UPS,russia_ukraine,-0.1503359289437164,2.0
FDX,1_year,-0.10439044219865545,4.0
FDX,2_years,0.045772044921831956,4.0
FDX,6_months,-0.20048193864472807,0.0
FDX,3_months,-0.15256086400200675,0.0
FDX,5_years,0.836214549495141,8.0
FDX,10_years,0.43289859187273216,10.0
FDX,15_years,2.179695258493157,16.0
FDX,dotcom_bubble,0.2543053957843304,7.0
FDX,9_11,0.09976006145968563,1.0
FDX,2008_crisis,-0.49164440640728024,2.0
FDX,2011_euro_crisis,-0.09835538622968976,2.0
FDX,2016_election,0.18760804895540262,1.0
FDX,covid_crash,-0.08776108947701955,0.0
FDX,covid_bounce,1.4575087849682333,1.0
FDX,rate_hike_era,0.019820546550300522,3.0
FDX,russia_ukraine,-0.266770013855015,2.0
DAL,1_year,-0.0359463556195464,2.0
DAL,2_years,0.358315045104421,6.0
DAL,6_months,-0.17639027724645773,2.0
DAL,3_months,-0.16967745896644282,0.0
DAL,5_years,0.8882498123122424,14.0
DAL,10_years,0.2328476543658382,26.0
DAL,15_years,3.1087612197064383,32.0
DAL,2008_crisis,-0.7042901484132815,4.0
DAL,2011_euro_crisis,-0.3569157368438529,0.0
DAL,2016_election,0.1498609846863399,1.0
DAL,covid_crash,-0.5470340349712102,0.0
DAL,covid_bounce,0.8219336184753696,3.0
DAL,rate_hike_era,0.0034084282699984314,6.0
DAL,russia_ukraine,-0.12645111025291855,2.0
UAL,1_year,0.5068285394919565,2.0
UAL,2_years,0.6755959227395465,6.0
UAL,6_months,-0.16755734897448482,2.0
UAL,3_months,-0.13341328648223083,0.0
UAL,5_years,1.6965378448798498,12.0
UAL,10_years,0.4107618629731782,20.0
UAL,15_years,3.1054264018248245,28.0
UAL,2008_crisis,-0.9170619518642776,8.0
UAL,2011_euro_crisis,-0.24910459731755275,0.0
UAL,2016_election,0.7606629429601175,3.0
UAL,covid_crash,-0.6256841603959178,0.0
UAL,covid_bounce,0.9806517409185986,3.0
UAL,rate_hike_era,-0.09298754013754884,4.0
UAL,russia_ukraine,0.004777049336810224,2.0
SPY,1_year,0.1309046941087051,2.0
SPY,2_years,0.4355299554458194,4.0
SPY,6_months,0.011157268035201007,6.0
SPY,3_months,0.012664268258500089,0.0
SPY,5_years,1.0746305223410406,4.0
SPY,10_years,2.3110061750567463,12.0
SPY,15_years,6.212832756758002,18.0
SPY,dotcom_bubble,-0.24742370390274082,6.0
SPY,9_11,-0.06250127989084997,0.0
SPY,2008_crisis,-0.3653474296835054,3.0
SPY,2011_euro_crisis,0.00852373970269582,2.0
SPY,2016_election,0.17195325160800512,1.0
SPY,covid_crash,-0.05556745751893,0.0
SPY,covid_bounce,0.3967478115657068,1.0
SPY,rate_hike_era,0.02648568500243309,1.0
SPY,russia_ukraine,-0.0895237360048895,0.0
QQQ,1_year,0.15261180720802514,4.0
QQQ,2_years,0.49363081625132565,4.0
QQQ,6_months,0.0189211262232174,2.0
QQQ,3_months,0.04593933444823106,0.0
QQQ,5_years,1.2853889758799668,4.0
QQQ,10_years,4.075880483548234,12.0
QQQ,15_years,12.159887474461549,20.0
QQQ,dotcom_bubble,-0.5176498501051165,2.0
QQQ,9_11,-0.08004639207048914,0.0
QQQ,2008_crisis,-0.23643760685461845,7.0
QQQ,2011_euro_crisis,0.01885600329694337,3.0
QQQ,2016_election,0.2934983193441334,1.0
QQQ,covid_crash,0.05161161448595952,0.0
QQQ,covid_bounce,0.43356528933390015,1.0
QQQ,rate_hike_era,0.034127344126234194,1.0
QQQ,russia_ukraine,-0.19343358873363103,0.0
DIA,1_year,0.11172039859744509,2.0
DIA,2_years,0.32172045816819383,4.0
DIA,6_months,0.0027917301788606963,2.0
DIA,3_months,-0.018281503304828695,0.0
DIA,5_years,0.8138018274468322,6.0
DIA,10_years,1.8766864800726717,10.0
DIA,15_years,4.825735294815223,14.0
DIA,dotcom_bubble,-0.033645772953111885,12.0
DIA,9_11,-0.0581254861394741,0.0
DIA,2008_crisis,-0.33819717308205166,3.0
DIA,2011_euro_crisis,0.07335107438350241,3.0
DIA,2016_election,0.2098675306430864,1.0
DIA,covid_crash,-0.09713094634402186,0.0
DIA,covid_bounce,0.38074337638237354,3.0
DIA,rate_hike_era,0.07183770963741831,1.0
DIA,russia_ukraine,-0.005803862193451748,0.0
IWM,1_year,0.0137396013936264,2.0
IWM,2_years,0.1971000375053671,4.0
IWM,6_months,-0.07058794159071446,0.0
IWM,3_months,-0.015565662229624633,0.0
IWM,5_years,0.5571955582361356,8.0
IWM,10_years,0.8831087766946779,16.0
IWM,15_years,2.9239637438247117,22.0
IWM,dotcom_bubble,-0.14304483758328423,6.0
IWM,9_11,-0.058986499917514146,0.0
IWM,2008_crisis,-0.3768435607631796,5.0
IWM,2011_euro_crisis,-0.06059727845418539,2.0
IWM,2016_election,0.19547346514821307,1.0
IWM,covid_crash,-0.1409742100710749,0.0
IWM,covid_bounce,0.6277705696185987,1.0
IWM,rate_hike_era,-0.08287518162176977,5.0
IWM,russia_ukraine,-0.06959719275048903,2.0
VTI,1_year,0.1276447156768783,2.0
VTI,2_years,0.4255215765611171,4.0
VTI,6_months,0.005666553571343158,4.0
VTI,3_months,0.011084545630998699,0.0
VTI,5_years,1.0182377142854708,4.0
VTI,10_years,2.1387147312046415,10.0
VTI,15_years,5.9101843300949355,18.0
VTI,dotcom_bubble,-0.24147372845459092,2.0
VTI,9_11,-0.059896903946266344,0.0
VTI,2008_crisis,-0.3604131119409191,3.0
VTI,2011_euro_crisis,-0.000626294925115789,2.0
VTI,2016_election,0.17394376582861404,1.0
VTI,covid_crash,-0.06356962074655637,0.0
VTI,covid_bounce,0.4320584709814068,1.0
VTI,rate_hike_era,0.007994899920395593,1.0
VTI,russia_ukraine,-0.09693244899151665,0.0
VOO,1_year,0.13165303075353996,2.0
VOO,2_years,0.4380684596159805,4.0
VOO,6_months,0.0114952461686324,4.0
VOO,3_months,0.012512699494628965,0.0
VOO,5_years,1.0813888790555928,4.0
VOO,10_years,2.3332401665400377,12.0
VOO,15_years,5.994711010599321,14.0
VOO,2011_euro_crisis,0.009505721905759934,2.0
VOO,2016_election,0.17272989830536112,1.0
VOO,covid_crash,-0.056327928635291125,0.0
VOO,covid_bounce,0.3978923789968478,1.0
VOO,rate_hike_era,0.027350888563139497,1.0
VOO,russia_ukraine,-0.08991407210326641,0.0
XLF,1_year,0.2506912595649722,1.0
XLF,2_years,0.6409439756139244,3.0
XLF,6_months,0.060881572203395073,2.0
XLF,3_months,-0.01149799437009924,1.0
XLF,5_years,1.362771477498867,9.0
XLF,10_years,2.0858661541339294,17.0
XLF,15_years,4.723967109152469,27.0
XLF,dotcom_bubble,0.0014580067358500592,10.0
XLF,9_11,-0.07875111550142488,0.0
XLF,2008_crisis,-0.6477899425572498,1.0
XLF,2011_euro_crisis,-0.18921686561237494,2.0
XLF,2016_election,0.22462752643518114,1.0
XLF,covid_crash,-0.21748390758748215,0.0
XLF,covid_bounce,0.6393632783552781,3.0
XLF,rate_hike_era,-0.010455178317522518,5.0
XLF,russia_ukraine,-0.06971822012636064,0.0
XLK,1_year,0.10360153324995136,4.0
XLK,2_years,0.41249875068402675,4.0
XLK,6_months,-0.0028217966631224334,0.0
XLK,3_months,0.05782878692505311,0.0
XLK,5_years,1.458496710302295,4.0
XLK,10_years,4.999399777244488,10.0
XLK,15_years,12.24905627780796,20.0
XLK,dotcom_bubble,-0.547864814645338,2.0
XLK,9_11,-0.08841036588887319,0.0
XLK,2008_crisis,-0.27469101979612076,5.0
XLK,2011_euro_crisis,0.014857431202120353,5.0
XLK,2016_election,0.30473194171654105,1.0
XLK,covid_crash,0.019583735729868268,0.0
XLK,covid_bounce,0.4264550858641827,1.0
XLK,rate_hike_era,0.11700250197956708,1.0
XLK,russia_ukraine,-0.1569529655812203,0.0
XLV,1_year,-0.06861329192111942,2.0
XLV,2_years,0.06467897105832332,4.0
XLV,6_months,-0.032387317303079755,2.0
XLV,3_months,-0.10981963738150546,0.0
XLV,5_years,0.4068896555155981,10.0
XLV,10_years,1.0774668116656767,22.0
XLV,15_years,4.9955260836530355,26.0
XLV,dotcom_bubble,0.03576452925884244,8.0
XLV,9_11,-0.08846069874783269,0.0
XLV,2008_crisis,-0.23034547547167628,2.0
XLV,2011_euro_crisis,0.11371491939576983,2.0
XLV,2016_election,0.07942507016966571,3.0
XLV,covid_crash,0.03468571952154065,0.0
XLV,covid_bounce,0.23115280760612822,1.0
XLV,rate_hike_era,0.009836559413159307,8.0
XLV,russia_ukraine,0.06855586494318877,2.0
XLE,1_year,-0.0721652011204319,6.0
XLE,2_years,0.123280134360372,8.0
XLE,6_months,-0.05185928718715249,2.0
XLE,3_months,-0.06438316469245464,0.0
XLE,5_years,1.5406510471188186,10.0
XLE,10_years,0.5618695927068833,16.0
XLE,15_years,1.6527655993630903,24.0
XLE,dotcom_bubble,0.02372160005311863,6.0
XLE,9_11,-0.14678427034140784,0.0
XLE,2008_crisis,-0.29525530840490666,5.0
XLE,2011_euro_crisis,0.020763259920254518,4.0
XLE,2016_election,0.0019288409606199597,2.0
XLE,covid_crash,-0.2486285795491665,0.0
XLE,covid_bounce,0.395696452135218,1.0
XLE,rate_hike_era,0.5838088304797453,3.0
XLE,russia_ukraine,0.37788799571921006,3.0
XLY,1_year,0.2263404288723343,2.0
XLY,2_years,0.4170738013315267,4.0
XLY,6_months,-0.03166891991705045,0.0
XLY,3_months,0.011361906105936015,0.0
XLY,5_years,0.776174395485919,6.0
XLY,10_years,2.127749823304639,14.0
XLY,15_years,7.093279069883547,14.0
XLY,dotcom_bubble,-0.08915234451413545,10.0
XLY,9_11,-0.0480650567822789,0.0
XLY,2008_crisis,-0.39564618358891646,1.0
XLY,2011_euro_crisis,0.04762122618455611,3.0
XLY,2016_election,0.16858939884972446,3.0
XLY,covid_crash,-0.011230566729710012,0.0
XLY,covid_bounce,0.38956587487571315,1.0
XLY,rate_hike_era,-0.13494719311319303,3.0
XLY,russia_ukraine,-0.20975788446469057,0.0
XLI,1_year,0.188059629282453,2.0
XLI,2_years,0.5023873457152876,4.0
XLI,6_months,0.09107925920105653,2.0
XLI,3_months,0.06599249603142332,1.0
XLI,5_years,1.2774917999857953,8.0
XLI,10_years,2.0598991980654477,16.0
XLI,15_years,5.568478143232854,24.0
XLI,dotcom_bubble,-0.11833326543565659,10.0
XLI,9_11,-0.08236740310029977,0.0
XLI,2008_crisis,-0.41269522662471425,7.0
XLI,2011_euro_crisis,-0.01803652728340499,2.0
XLI,2016_election,0.2326888369604403,1.0
XLI,covid_crash,-0.1589124049807884,0.0
XLI,covid_bounce,0.5742128256757579,3.0
XLI,rate_hike_era,0.12475821804963405,3.0
XLI,russia_ukraine,0.008490779369033197,2.0
XLU,1_year,0.17434805802831987,1.0
XLU,2_years,0.3547902090905424,5.0
XLU,6_months,0.08170238432649679,1.0
XLU,3_months,0.03997768170407845,1.0
XLU,5_years,0.5860744869110397,5.0
XLU,10_years,1.5479273323063216,11.0
XLU,15_years,3.915226436086881,19.0
XLU,dotcom_bubble,-0.26120287320431756,4.0
XLU,9_11,-0.11684621892228209,0.0
XLU,2008_crisis,-0.252835656642062,4.0
XLU,2011_euro_crisis,0.19070222397690717,1.0
XLU,2016_election,0.13013966441159508,3.0
XLU,covid_crash,-0.1287920643609235,0.0
XLU,covid_bounce,0.1147043544838322,1.0
XLU,rate_hike_era,-0.048919941862388905,4.0
XLU,russia_ukraine,0.06795918892609754,6.0
XLB,1_year,-0.03274545864397094,2.0
XLB,2_years,0.18141189602475682,4.0
XLB,6_months,0.04256174961184267,2.0
XLB,3_months,-0.002626350545559708,0.0
XLB,5_years,0.7084947745876842,6.0
XLB,10_years,1.0882855866025816,16.0
XLB,15_years,3.0191820867716617,26.0
XLB,dotcom_bubble,0.003942055422168522,8.0
XLB,9_11,0.020682952077485384,0.0
XLB,2008_crisis,-0.3401584134298826,7.0
XLB,2011_euro_crisis,-0.11634945311648393,2.0
XLB,2016_election,0.15200760320221107,3.0
XLB,covid_crash,-0.051317275194597056,0.0
XLB,covid_bounce,0.5935366282692547,1.0
XLB,rate_hike_era,-0.0007131625689907883,5.0
XLB,russia_ukraine,-0.019130475672275216,2.0
XLRE,1_year,0.13932879733090275,4.0
XLRE,2_years,0.24031014846951337,4.0
XLRE,6_months,0.04237015659205001,2.0
XLRE,3_months,-0.03499320163872777,0.0
XLRE,5_years,0.3957917930604642,10.0
XLRE,10_years,0.9163484522205483,16.0
XLRE,15_years,0.9163484522205483,16.0
XLRE,2016_election,0.040730985445111,3.0
XLRE,covid_crash,-0.11103548802513186,0.0
XLRE,covid_bounce,0.2695813423402569,3.0
XLRE,rate_hike_era,-0.1635879022761767,5.0
XLRE,russia_ukraine,-0.14622447107716074,2.0
XLC,1_year,0.22675427619206667,1.0
XLC,2_years,0.6407637159201907,1.0
XLC,6_months,0.045436951109016244,2.0
XLC,3_months,0.0071311472047626,0.0
XLC,5_years,0.9427609903706111,3.0
XLC,10_years,1.1621055582340278,5.0
XLC,15_years,1.1621055582340278,5.0
XLC,covid_crash,-0.006925692221498858,0.0
XLC,covid_bounce,0.45282898465143084,1.0
XLC,rate_hike_era,-0.05342915376267243,1.0
XLC,russia_ukraine,-0.3045265089572743,0.0
TLT,1_year,-0.02193184848014862,2.0
TLT,2_years,-0.09756399335103949,4.0
TLT,6_months,-0.0008759301584329027,2.0
TLT,3_months,-0.061156888069384685,0.0
TLT,5_years,-0.39176486958602463,10.0
TLT,10_years,-0.08034496548059367,16.0
TLT,15_years,0.34499189085997983,26.0
TLT,dotcom_bubble,0.11363339031648811,1.0
TLT,2008_crisis,0.20380565000662343,4.0
TLT,2011_euro_crisis,0.3501960249660039,1.0
TLT,2016_election,-0.024838244110859553,2.0
TLT,covid_crash,0.12876928069720783,1.0
TLT,covid_bounce,-0.13593735996465384,2.0
TLT,rate_hike_era,-0.2742609929693023,2.0
TLT,russia_ukraine,-0.26263221075746845,0.0
IEF,1_year,0.05052030607966018,3.0
IEF,2_years,0.030217088472007214,3.0
IEF,6_months,0.035271979009692034,1.0
IEF,3_months,-0.002175067757176685,1.0
IEF,5_years,-0.13377776743079672,9.0
IEF,10_years,0.09236724873884361,15.0
IEF,15_years,0.3925484080075141,23.0
IEF,dotcom_bubble,0.07603992549527216,1.0
IEF,2008_crisis,0.2103719299575777,2.0
IEF,2011_euro_crisis,0.16008331389842967,3.0
IEF,2016_election,-0.004544688905636196,2.0
IEF,covid_crash,0.07530849170576515,1.0
IEF,covid_bounce,-0.05342338582933581,2.0
IEF,rate_hike_era,-0.11237198305515494,2.0
IEF,russia_ukraine,-0.11895325639124366,0.0
SHY,1_year,0.054267550812129084,1.0
SHY,2_years,0.08765382382469888,1.0
SHY,6_months,0.021512794573392835,1.0
SHY,3_months,0.009341170329759452,1.0
SHY,5_years,0.05619423369336163,7.0
SHY,10_years,0.1506203947456337,13.0
SHY,15_years,0.19461797202211195,21.0
SHY,dotcom_bubble,0.023344228715619586,1.0
SHY,2008_crisis,0.11746021334069146,1.0
SHY,2011_euro_crisis,0.014646095095890432,3.0
SHY,2016_election,0.005406662428064424,3.0
SHY,covid_crash,0.023598881387009385,1.0
SHY,covid_bounce,0.001468832258727959,3.0
SHY,rate_hike_era,0.0023928117208043,1.0
SHY,russia_ukraine,-0.033182896778360615,0.0
LQD,1_year,0.04637763374960513,4.0
LQD,2_years,0.08941678896159466,6.0
LQD,6_months,0.024132441171998087,1.0
LQD,3_months,-0.008402279200264484,0.0
LQD,5_years,-0.030168230832846255,10.0
LQD,10_years,0.28660071917691954,20.0
LQD,15_years,0.7454828885936344,24.0
LQD,dotcom_bubble,0.10523877287948524,1.0
LQD,2008_crisis,0.07531065105575063,3.0
LQD,2011_euro_crisis,0.09317386805270411,3.0
LQD,2016_election,0.03944552235392629,3.0
LQD,covid_crash,0.01823309996136757,0.0
LQD,covid_bounce,0.02367452294653205,2.0
LQD,rate_hike_era,-0.09236880361348587,3.0
LQD,russia_ukraine,-0.13665823709197822,0.0
HYG,1_year,0.08536687218732797,1.0
HYG,2_years,0.19677122097148336,3.0
HYG,6_months,0.028796807059839225,2.0
HYG,3_months,0.009764912581117668,0.0
HYG,5_years,0.24008653315475836,3.0
HYG,10_years,0.47305881000093186,9.0
HYG,15_years,1.204861228563407,17.0
HYG,2008_crisis,-0.0685581458491894,5.0
HYG,2011_euro_crisis,0.06671953914371609,3.0
HYG,2016_election,0.11539887598311926,1.0
HYG,covid_crash,-0.040909481063738706,0.0
HYG,covid_bounce,0.10006151018579024,1.0
HYG,rate_hike_era,-0.006632317988158221,1.0
HYG,russia_ukraine,-0.07287719077251054,0.0
GLD,1_year,0.3976613773933617,1.0
GLD,2_years,0.6521550673654464,1.0
GLD,6_months,0.23706302815029612,1.0
GLD,3_months,0.13818706312747864,1.0
GLD,5_years,0.8550653752295205,11.0
GLD,10_years,1.663157948276453,15.0
GLD,15_years,1.5318988977685342,23.0
GLD,2008_crisis,0.40233781932837154,3.0
GLD,2011_euro_crisis,0.10137685139973951,1.0
GLD,2016_election,0.04036570818204854,3.0
GLD,covid_crash,0.09807227683943953,1.0
GLD,covid_bounce,0.08994256929807887,2.0
GLD,rate_hike_era,0.13568583193395378,5.0
GLD,russia_ukraine,-0.02032930069429628,2.0
SLV,1_year,0.075654379940026,1.0
SLV,2_years,0.36674254930561223,5.0
SLV,6_months,0.11399924470978129,1.0
SLV,3_months,0.04347826086956519,2.0
SLV,5_years,0.7543859257751393,9.0
SLV,10_years,0.875,15.0
SLV,15_years,0.6648168278527933,23.0
SLV,2008_crisis,0.0629170478371297,3.0
SLV,2011_euro_crisis,-0.10140090242149302,2.0
SLV,2016_election,0.08042183963208926,2.0
SLV,covid_crash,0.00969696044921875,0.0
SLV,covid_bounce,0.5146198269443665,1.0
SLV,rate_hike_era,0.028328629500685265,4.0
SLV,russia_ukraine,-0.024355311168801186,2.0
USO,1_year,-0.06515383803251484,4.0
USO,2_years,0.07354120455516933,6.0
USO,6_months,-0.12712854205771895,0.0
USO,3_months,-0.08415163931568947,0.0
USO,5_years,1.5610222457815919,10.0
USO,10_years,-0.5877333035801944,20.0
USO,15_years,-0.74702380610209,34.0
USO,2008_crisis,-0.2914253470925635,2.0
USO,2011_euro_crisis,-0.024071668247739098,2.0
USO,2016_election,-0.16512994271878856,2.0
USO,covid_crash,-0.6916110614222639,0.0
USO,covid_bounce,0.7322654217542941,3.0
USO,rate_hike_era,0.21557540215381854,3.0
USO,russia_ukraine,0.12314096798265273,2.0
DBA,1_year,0.10109045670843697,1.0
DBA,2_years,0.3999033162486705,1.0
DBA,6_months,0.0030052562428228846,2.0
DBA,3_months,0.024952074660876233,1.0
DBA,5_years,1.1363477195500034,5.0
DBA,10_years,0.362107719313268,11.0
DBA,15_years,0.27411766708283225,15.0
DBA,2008_crisis,-0.0002359054883868117,5.0
DBA,2011_euro_crisis,-0.10588228819607148,2.0
DBA,covid_crash,-0.1254802086296012,0.0
DBA,covid_bounce,0.3599122110621631,3.0
DBA,rate_hike_era,0.10798145717784502,3.0
DBA,russia_ukraine,-0.020517787208611304,2.0
BTC-USD,1_year,0.545456014016289,3.0
BTC-USD,2_years,2.9014988975246263,7.0
BTC-USD,6_months,0.10822243325164749,3.0
BTC-USD,3_months,0.21627066990492727,1.0
BTC-USD,5_years,9.291662228372815,11.0
BTC-USD,10_years,468.3848907552925,19.0
BTC-USD,15_years,227.80015555934133,19.0
BTC-USD,2016_election,3.2583811087023076,3.0
BTC-USD,covid_crash,0.007259076028372613,1.0
BTC-USD,covid_bounce,2.6718667622424634,1.0
BTC-USD,rate_hike_era,-0.11369233370336929,5.0
BTC-USD,russia_ukraine,-0.5568632982459254,4.0
ETH-USD,1_year,-0.33675441035624676,2.0
ETH-USD,2_years,0.3581170009820944,6.0
ETH-USD,6_months,-0.24583740203537385,0.0
ETH-USD,3_months,0.1409537070354323,1.0
ETH-USD,5_years,9.23956183697732,10.0
ETH-USD,10_years,6.881625076904041,16.0
ETH-USD,15_years,6.881625076904041,16.0
ETH-USD,covid_crash,0.25753111838777865,3.0
ETH-USD,covid_bounce,9.992048114111379,1.0
ETH-USD,rate_hike_era,-0.3947865893721384,5.0
ETH-USD,russia_ukraine,-0.5359476298367893,4.0
SOL-USD,1_year,-0.05656619721778888,4.0
SOL-USD,2_years,6.6400975079976705,6.0
SOL-USD,6_months,-0.19205689347993093,2.0
SOL-USD,3_months,0.09022570365054716,1.0
SOL-USD,5_years,270.2386293475387,12.0
SOL-USD,10_years,163.70037486749527,12.0
SOL-USD,15_years,163.70037486749527,12.0
SOL-USD,covid_crash,-0.40064181346271555,0.0
SOL-USD,covid_bounce,55.82516252341115,3.0
SOL-USD,rate_hike_era,-0.4313970978905498,5.0
SOL-USD,russia_ukraine,-0.8716532467717157,2.0
EWJ,1_year,0.09271563427434715,3.0
EWJ,2_years,0.27285573800350393,7.0
EWJ,6_months,0.10610360366305982,1.0
EWJ,3_months,0.07094353041845158,3.0
EWJ,5_years,0.438624026951717,13.0
EWJ,10_years,0.6736671945081332,15.0
EWJ,15_years,1.5061466222703492,25.0
EWJ,dotcom_bubble,-0.24722413563893186,4.0
EWJ,9_11,-0.12434680166772571,0.0
EWJ,2008_crisis,-0.3428973151764091,3.0
EWJ,2011_euro_crisis,-0.15531758219556935,2.0
EWJ,2016_election,0.15313830831106756,1.0
EWJ,covid_crash,-0.04777421539877047,0.0
EWJ,covid_bounce,0.23370157877695275,5.0
EWJ,rate_hike_era,-0.011299879107050326,1.0
EWJ,russia_ukraine,-0.12102846281397428,0.0
EEM,1_year,0.10367249732750605,5.0
EEM,2_years,0.23132431983016533,5.0
EEM,6_months,0.09003836895066453,1.0
EEM,3_months,0.0628063875371585,4.0
EEM,10_years,0.38595539679542723,13.0
EEM,15_years,0.6723297486525521,25.0
EEM,2008_crisis,-0.24598305309999946,5.0
EEM,2011_euro_crisis,-0.19570274439335122,2.0
EEM,2016_election,0.26883684342808234,3.0
EEM,covid_crash,-0.1139032934533396,0.0
EEM,covid_bounce,0.4445319388235147,1.0
EEM,rate_hike_era,-0.1407110906972482,2.0
EEM,russia_ukraine,-0.1889328304041834,0.0
FXI,1_year,0.3317257702701908,1.0
FXI,2_years,0.3802508819771544,5.0
FXI,6_months,0.17096021584541599,1.0
FXI,3_months,0.014198873004250379,2.0
FXI,5_years,-0.015721481193949227,5.0
FXI,10_years,-0.09481582005194145,11.0
FXI,15_years,0.306611787473102,21.0
FXI,2008_crisis,-0.08684617437406561,3.0
FXI,2011_euro_crisis,-0.18749157600455635,2.0
FXI,2016_election,0.23339944416925196,1.0
FXI,covid_crash,-0.0269123024048612,0.0
FXI,covid_bounce,0.19000043951816648,2.0
FXI,rate_hike_era,-0.30457372672247585,2.0
FXI,russia_ukraine,-0.25946917028660155,0.0
EWZ,1_year,-0.005811034263720205,3.0
EWZ,2_years,0.04990610678135532,5.0
EWZ,6_months,0.19815063694569957,1.0
EWZ,3_months,0.1271748239230872,1.0
EWZ,5_years,0.42093156263307163,13.0
EWZ,10_years,0.36568113497645927,19.0
EWZ,15_years,-0.17298139195125561,27.0
EWZ,dotcom_bubble,-0.5338510318504945,6.0
EWZ,9_11,-0.07692672092015884,0.0
EWZ,2008_crisis,-0.09172489461979605,3.0
EWZ,2011_euro_crisis,-0.24840658335389765,2.0
EWZ,2016_election,0.3869346972738159,1.0
EWZ,covid_crash,-0.38802612088110555,0.0
EWZ,covid_bounce,0.44244719645635366,3.0
EWZ,rate_hike_era,0.5251431591849522,7.0
EWZ,russia_ukraine,0.02467889620113728,3.0
INDA,1_year,-0.0017715926482586575,2.0
INDA,2_years,0.3008941028466354,2.0
INDA,6_months,0.017041195157477596,1.0
INDA,3_months,0.13619251548404,1.0
INDA,5_years,1.0774189067339068,6.0
INDA,10_years,1.0268590437985083,20.0
INDA,15_years,1.341100116561357,22.0
INDA,2016_election,0.18600519667087156,3.0
INDA,covid_crash,-0.1924206751789832,0.0
INDA,covid_bounce,0.5763176076699543,1.0
INDA,rate_hike_era,0.049862012544945156,3.0
INDA,russia_ukraine,-0.03595547335357141,2.0
VEA,1_year,0.12801156869391916,3.0
VEA,2_years,0.31049672135546813,5.0
VEA,6_months,0.1700961292116483,1.0
VEA,3_months,0.08526700573348345,3.0
VEA,5_years,0.678874931880995,7.0
VEA,10_years,0.820095479785323,11.0
VEA,15_years,1.9829168925866103,19.0
VEA,2008_crisis,-0.36821410911323993,3.0
VEA,2011_euro_crisis,-0.13012388428009547,2.0
VEA,2016_election,0.17059729875659224,1.0
VEA,covid_crash,-0.11777674663642479,0.0
VEA,covid_bounce,0.3947743385721656,1.0
VEA,rate_hike_era,-0.00762294195450941,3.0
VEA,russia_ukraine,-0.10869468742616073,0.0
